USE master 
GO
IF DB_ID('BD_SAT_FORM')IS NOT NULL
DROP DATABASE BD_SAT_FORM
GO
CREATE DATABASE BD_SAT_FORM
GO
USE BD_SAT_FORM
SET DATEFORMAT DMY

/*SOLICITUD  DE CONSTANCIA  DE NO  RESPONSABILIDAD DE  PAGO*/
IF OBJECT_ID('TIPO_DOCUMENTO')IS NOT NULL
	DROP TABLE TIPO_DOCUMENTO 
GO
CREATE TABLE TIPO_DOCUMENTO(
COD_TIP_DOC INT NOT NULL PRIMARY KEY,
NOM_TIP_DOC CHAR(30) NOT NULL
)
GO

IF OBJECT_ID('RAZON_SOCIAL')IS NOT NULL
	DROP TABLE RAZON_SOCIAL 
GO
CREATE TABLE RAZON_SOCIAL(
COD_RAZ_SOC INT NOT NULL PRIMARY KEY,
NOM_RAZ_SOC CHAR(30) NOT NULL
)
GO


IF OBJECT_ID('ADMINISTRADO')IS NOT NULL
	DROP TABLE ADMINISTRADO 
GO
CREATE  TABLE ADMINISTRADO(
COD_ADMIN INT NOT NULL PRIMARY KEY,
COD_TIP_DOC INT NOT NULL REFERENCES TIPO_DOCUMENTO,
NUM_DOC_ADMIN INT NOT NULL UNIQUE,
NOM_APE_RAZ_ADMIN CHAR(30) NOT NULL,
COD_RAZ_SOC INT NOT NULL REFERENCES RAZON_SOCIAL,
TEL1_ADMIN VARCHAR(12)NOT NULL ,
TEL2_ADMIN VARCHAR (12) NOT NULL ,
EMAIL_ADMIN CHAR(80) NOT NULL ,
DOM_ADMIN VARCHAR (50) NOT NULL,
RUT_ADMIN CHAR(10)NULL,
)
GO


IF OBJECT_ID('REPRESENTANTE_LEGAL')IS NOT NULL
	DROP TABLE REPRESENTANTE_LEGAL
GO
CREATE TABLE REPRESENTANTE_LEGAL(
NUM_DOC_REP INT NOT NULL PRIMARY KEY,
NOM_APE_RAZ_REP CHAR(30) NOT NULL,
COD_RAZ_SOC INT NOT NULL REFERENCES RAZON_SOCIAL,
TEL_REP VARCHAR(12) NOT NULL,
FIRM_REP CHAR(30) NULL,
COD_TIP_DOC INT NOT NULL REFERENCES TIPO_DOCUMENTO
)
GO


IF OBJECT_ID('SOLICITANTE')IS NOT NULL
	DROP TABLE SOLICITANTE
GO
CREATE TABLE SOLICITANTE(
NUM_DOC_SOLI INT  NOT NULL PRIMARY KEY,
COD_TIP_DOC INT NOT NULL REFERENCES TIPO_DOCUMENTO,
NOM_APE_RAZ_SOLI CHAR(30) NOT NULL,
COD_RAZ_SOC INT NOT NULL REFERENCES RAZON_SOCIAL,
TELEF_SOLI VARCHAR(12) NOT NULL
)
GO


IF OBJECT_ID('TIPO_DEUDA')IS NOT NULL
	DROP TABLE TIPO_DEUDA
GO
CREATE TABLE TIPO_DEUDA(
COD_TIP_DEU INT NOT NULL PRIMARY KEY,
NOM_TIP_DEU CHAR(30) NOT NULL
)
GO


IF OBJECT_ID('INFORMACION')IS NOT NULL
	DROP TABLE INFORMACION
GO
CREATE TABLE INFORMACION(
NUM_DOC_DEU INT NOT NULL PRIMARY KEY,
PLAC_DEU INT NOT NULL UNIQUE,
COD_RAZ_SOC INT NOT NULL REFERENCES RAZON_SOCIAL,
COD_TIP_DEU INT NOT NULL REFERENCES TIPO_DEUDA
)
GO


IF OBJECT_ID('OBSERVACION')IS NOT NULL
	DROP TABLE OBSERVACION
GO
CREATE TABLE OBSERVACION(
COD_OBS INT NOT NULL PRIMARY KEY,
DET_OBS VARCHAR(50) NOT NULL
)
GO


IF OBJECT_ID('SOLICITUD_NO_RES')IS NOT NULL
	DROP TABLE SOLICITUD_NO_RES
GO
CREATE TABLE SOLICITUD_NO_RES(
NUM_SOL INT NOT NULL PRIMARY KEY,
NUM_DOC_REP INT NOT NULL REFERENCES REPRESENTANTE_LEGAL,
NUM_DOC_DEU INT NOT NULL REFERENCES INFORMACION,
FIRM_CONSTANCIA CHAR(30)  NULL,
)
GO


IF OBJECT_ID('DETALLE_SOLICITUD_NO_RES_OB')IS NOT NULL
	DROP TABLE DETALLE_SOLICITUD_NO_RES_OB
GO
CREATE TABLE DETALLE_SOLICITUD_NO_RES_OB(
NUM_SOL INT NOT NULL REFERENCES SOLICITUD_NO_RES,
COD_OBS INT NOT NULL REFERENCES OBSERVACION,
PRIMARY KEY(NUM_SOL, COD_OBS)
)
GO


/*DECLARACION JURADA DE  VEHICULOS*/
IF OBJECT_ID('DISTRITO')IS NOT NULL
	DROP TABLE DISTRITO 
GO
CREATE  TABLE DISTRITO(
COD_DIST INT NOT NULL PRIMARY KEY,
NOM_DIST CHAR(30) NOT NULL
)
GO

IF OBJECT_ID('TRANSMICION_VEHICULO')IS NOT NULL
	DROP TABLE TRANSMICION_VEHICULO 
GO
CREATE TABLE TRANSMICION_VEHICULO(
COD_TRANS_VEHI INT NOT NULL PRIMARY KEY,
NOM_TRANS_VEHI CHAR(30) NOT NULL,
)
GO

IF OBJECT_ID('TRACCION_VEHICULO')IS NOT NULL
	DROP TABLE TRACCION_VEHICULO 
GO
CREATE TABLE TRACCION_VEHICULO(
COD_TRAC_VEHI INT NOT NULL PRIMARY KEY,
NOM_TRAC_VEHI CHAR(30) NOT NULL
)
GO

IF OBJECT_ID('MOTOR_VEHICULO')IS NOT NULL
	DROP TABLE MOTOR_VEHICULO 
GO
CREATE TABLE MOTOR_VEHICULO(
COD_TIPO_MOT_VEHI INT NOT NULL PRIMARY KEY,
NOM_TIPO_MOT_VEHI CHAR(30)NOT NULL
)
GO

IF OBJECT_ID('CARROSERIA_VEHICULO')IS NOT NULL
	DROP TABLE CARROSERIA_VEHICULO
GO
CREATE TABLE CARROSERIA_VEHICULO(
COD_CARROS_VEHI INT NOT NULL PRIMARY KEY,
NOM_CARROS_VEHI CHAR(30) NOT NULL
)
GO

IF OBJECT_ID('CILINDRAJE_VEHICULO')IS NOT NULL
	DROP TABLE CILINDRAJE_VEHICULO
GO
CREATE TABLE CILINDRAJE_VEHICULO(
COD_CILIN_VEHI INT NOT NULL PRIMARY KEY,
NOM_CILIN_VEHI CHAR(30) NOT NULL
)
GO

IF OBJECT_ID('CLASE_VEHICULO')IS NOT NULL
	DROP TABLE CLASE_VEHICULO
GO
CREATE TABLE CLASE_VEHICULO(
COD_CLASE_VEHI INT NOT NULL PRIMARY KEY,
NOM_CLASE_VEHI CHAR(30) NOT NULL
)
GO

IF OBJECT_ID('MODELO_VEHICULO')IS NOT NULL
	DROP TABLE MODELO_VEHICULO
GO
CREATE TABLE MODELO_VEHICULO(
COD_MODE_VEHI INT  NOT NULL PRIMARY KEY,
NOM_MODE_VEHI CHAR(30) NOT NULL
)
GO


IF OBJECT_ID('MARCA_VEHICULO')IS NOT NULL
	DROP TABLE MARCA_VEHICULO
GO
CREATE TABLE MARCA_VEHICULO(
COD_MARCA_VEHI INT NOT NULL PRIMARY KEY,
NOM_MARCA_VEHI CHAR(30) NOT NULL
)
GO


IF OBJECT_ID('TIPO_DECLA_JURADA')IS NOT NULL
	DROP TABLE TIPO_DECLA_JURADA
GO
CREATE TABLE TIPO_DECLA_JURADA(
COD_TIP_FORM_DECL_JURA INT NOT NULL PRIMARY KEY,
NOM_TIP_FORM_DECL_JURA CHAR(30) NOT NULL
)
GO


IF OBJECT_ID('DECLARACION_JURADA_VEHICULAR')IS NOT NULL
	DROP TABLE DECLARACION_JURADA_VEHICULAR
GO
CREATE TABLE DECLARACION_JURADA_VEHICULAR(
NUM_DEC_JURA INT NOT NULL PRIMARY KEY,
COD_TIP_FORM_DECL_JURA INT NOT NULL REFERENCES TIPO_DECLA_JURADA,
COD_OBS INT NOT NULL REFERENCES OBSERVACION
)
GO


IF OBJECT_ID('VEHICULO')IS NOT NULL
	DROP TABLE VEHICULO
GO
CREATE TABLE VEHICULO(
NUM_PLAC_VEHI INT NOT NULL PRIMARY KEY,
NUM_MOTOR_VEHI INT NOT NULL,
AÑO_FAC_VEHI DATE  NOT NULL,
FECH_ADQ_VEHI DATE NOT NULL,
FECH_INS_VEHI DATE NOT NULL,
NUM_TARJ_PROP_VEHI INT NOT NULL,
VALOR_ADQ_VEHI  MONEY NOT NULL,
PORCENT_PROP_VEHI VARCHAR (4) NOT NULL,
PESO_BRUT_VEHI VARCHAR(5) NOT NULL,
NUM_DEC_JURA INT NOT NULL REFERENCES DECLARACION_JURADA_VEHICULAR,
COD_MARCA_VEHI INT NOT NULL REFERENCES MARCA_VEHICULO,
COD_MODE_VEHI INT  NOT NULL REFERENCES MODELO_VEHICULO,
COD_CLASE_VEHI INT NOT NULL REFERENCES CLASE_VEHICULO,
COD_CILIN_VEHI INT NOT NULL REFERENCES CILINDRAJE_VEHICULO,
COD_CARROS_VEHI INT NOT NULL REFERENCES CARROSERIA_VEHICULO,
COD_TIPO_MOT_VEHI INT NOT NULL REFERENCES MOTOR_VEHICULO,
COD_TRAC_VEHI INT NOT NULL REFERENCES TRACCION_VEHICULO,
COD_TRANS_VEHI INT NOT NULL REFERENCES TRANSMICION_VEHICULO
)
GO


IF OBJECT_ID('DOC_SUSTENTACION')IS NOT NULL
	DROP TABLE DOC_SUSTENTACION
GO
CREATE TABLE  DOC_SUSTENTACION(
COD_DOC_SUST_ADJUNT INT NOT NULL PRIMARY KEY,
NOM_DOC_SUST_ADJUNT CHAR(40) NOT NULL
)
GO


IF OBJECT_ID('DECLARACIONJURADAVEHI_DOCSUSTENTACION')IS NOT NULL
	DROP TABLE DECLARACIONJURADAVEHI_DOCSUSTENTACION   
GO
CREATE TABLE  DECLARACIONJURADAVEHI_DOCSUSTENTACION(
NUM_DEC_JURA INT NOT NULL REFERENCES DECLARACION_JURADA_VEHICULAR,
COD_DOC_SUST_ADJUNT INT NOT NULL REFERENCES DOC_SUSTENTACION,
PRIMARY KEY(NUM_DEC_JURA, COD_DOC_SUST_ADJUNT)
)
GO

IF OBJECT_ID('DECLARACIONJURADAVEHI_OBSERVACION')IS NOT NULL
	DROP TABLE DECLARACIONJURADAVEHI_OBSERVACION   
GO
CREATE TABLE DECLARACIONJURADAVEHI_OBSERVACION(
NUM_DEC_JURA INT NOT NULL REFERENCES DECLARACION_JURADA_VEHICULAR,
COD_OBS INT NOT NULL REFERENCES OBSERVACION
PRIMARY KEY(NUM_DEC_JURA,COD_OBS)
)
GO


IF OBJECT_ID('CONTRIBUYENTE')IS NOT NULL
	DROP TABLE CONTRIBUYENTE   
GO
CREATE TABLE  CONTRIBUYENTE(
COD_CONT INT NOT NULL PRIMARY KEY,
COD_TIP_DOC INT NOT NULL REFERENCES TIPO_DOCUMENTO,
NUM_DOC_ID_CONT INT NOT NULL,
NOM_APE_RAZ_CONT CHAR(30) NOT NULL,
COD_RAZ_SOC INT NOT NULL REFERENCES RAZON_SOCIAL,
DIREC_CONT CHAR(80) NOT NULL,
COD_DIST INT NOT NULL REFERENCES DISTRITO,
REF_DIREC_CONT CHAR(80) NOT NULL
)
GO
/*DECLARACION  JURADA  APUESTAS*/


IF OBJECT_ID('TIPO_APUESTA')IS NOT NULL
	DROP TABLE TIPO_APUESTA     
GO
CREATE  TABLE TIPO_APUESTA(
COD_APUESTA INT NOT NULL PRIMARY KEY,
NOM_APUESTA CHAR(30) NOT NULL,
)
GO

IF OBJECT_ID('APUESTA')IS NOT NULL
	DROP TABLE APUESTA     
GO
CREATE TABLE APUESTA(
COD_APU INT NOT NULL PRIMARY KEY,
CAN_BOL_VEN_APU INT NOT NULL,
VAL_NOMI_APU MONEY NOT NULL,
DES_PREM_OTOR_APU CHAR(40) NOT NULL,
COD_APUESTA INT NOT  NULL REFERENCES TIPO_APUESTA
)
GO


IF OBJECT_ID('DETERMINACIONN_TRIB')IS NOT NULL
	DROP TABLE DETERMINACIONN_TRIB
GO
CREATE TABLE DETERMINACIONN_TRIB(
COD_TRIB INT NOT NULL PRIMARY KEY,
COD_APUESTA INT NOT  NULL REFERENCES TIPO_APUESTA,
TASA_APU_TRIB VARCHAR(4) NOT NULL,
MES_PERI_TRIB VARCHAR(8) NOT NULL,
AÑO_PERI_TRIB VARCHAR(5) NOT NULL,
FECH_EMI_TRIB DATE NOT NULL,
NRO_DOC_EMICION_TRIB INT NOT NULL,
FECH_CARACTE_TRIB DATE NOT NULL,
NOM_DIARIO_TRIB VARCHAR(30) NOT NULL
)
GO

IF OBJECT_ID('ENTIDAD_ORGANIZADORA')IS NOT NULL
	DROP TABLE ENTIDAD_ORGANIZADORA    
GO
CREATE TABLE ENTIDAD_ORGANIZADORA(
COD_ENT_ORG INT NOT NULL PRIMARY KEY,
DIREC_ENT_ORG CHAR(80) NOT NULL,
COD_DIST INT NOT NULL REFERENCES DISTRITO,
REF_DIREC_ENT_ORG CHAR(80) NOT NULL
)
GO

IF OBJECT_ID('DECLARACION_JUR_IMPUESTOA')IS NOT NULL
	DROP TABLE DECLARACION_JUR_IMPUESTO
GO
CREATE  TABLE  DECLARACION_JUR_IMPUESTO(
NUM_DEC_JUR INT NOT NULL PRIMARY KEY ,
COD_CONT INT NOT NULL REFERENCES CONTRIBUYENTE,
NUM_DOC_REP INT NOT NULL REFERENCES REPRESENTANTE_LEGAL,
FIRM_DECL_JUR CHAR(30) NULL,
)
GO

IF OBJECT_ID('DECLARACIONIMPU_APUESTA')IS NOT NULL
	DROP TABLE DECLARACIONIMPU_APUESTA
GO
CREATE TABLE DECLARACIONIMPU_APUESTA(
NUM_DEC_JUR INT NOT NULL REFERENCES DECLARACION_JUR_IMPUESTO ,
COD_APU INT NOT NULL REFERENCES APUESTA,
ING_TOT_DECL_APU MONEY NOT NULL
)
GO

/*SOLICITUD  DE CONSTANCIA NO  TRIBUTARIA*/
IF OBJECT_ID('CONCEPTO_DEU_TRIB')IS NOT NULL
	DROP TABLE CONCEPTO_DEU_TRIB
GO
CREATE TABLE CONCEPTO_DEU_TRIB(
COD_CON_DEU_TRIB INT NOT  NULL PRIMARY KEY,
NOM_CON_DEU_TRIB CHAR(30) NOT NULL
)
GO

IF OBJECT_ID('SOLICITUD_DEU_TRIB')IS NOT NULL
	DROP TABLE SOLICITUD_DEU_TRIB
GO
CREATE TABLE SOLICITUD_DEU_TRIB(
COD_SOL_TRIB INT NOT NULL PRIMARY KEY,
AÑO_AFEC_TRIB INT NOT NULL ,
COD_CON_DEU_TRIB INT NOT  NULL REFERENCES CONCEPTO_DEU_TRIB,
TRIMESTRE_SOL_TRIB CHAR(4) NOT NULL
)
GO

IF OBJECT_ID('CONCEPTO_DEU_NO_TRIB')IS NOT NULL
	DROP TABLE CONCEPTO_DEU_NO_TRIB
GO
CREATE TABLE CONCEPTO_DEU_NO_TRIB(
COD_CON_DEU_NO_TRIB  INT NOT NULL PRIMARY KEY,
NOM_CON_DEU_NO_TRIB CHAR (30) NOT NULL
)
GO

IF OBJECT_ID('SOLICITUD_DEU_NO_TRIB')IS NOT NULL
	DROP TABLE SOLICITUD_DEU_NO_TRIB
GO
CREATE  TABLE SOLICITUD_DEU_NO_TRIB(
COD_SOLI_NO_TRIB INT NOT NULL PRIMARY KEY,
COD_CON_DEU_NO_TRIB  INT NOT NULL REFERENCES CONCEPTO_DEU_NO_TRIB,
DET_PLAC_SOL CHAR(30) NOT NULL,
PER_VER_FEC_INI DATE NOT NULL,
PER_VER_FEC_FIN DATE NOT NULL,
NUM_DOC_DEU_NO_TRIB INT NOT NULL,
NUM_LIC_SOL_NO_TRIB INT NOT NULL
)
GO



IF OBJECT_ID('SOLICITUD_NO_AND_TRIB')IS NOT NULL
	DROP TABLE SOLICITUD_NO_AND_TRIB
GO
CREATE TABLE SOLICITUD_NO_AND_TRIB(
NUM_COD_SOL INT NOT NULL PRIMARY KEY,
COD_ADMIN INT NOT NULL REFERENCES ADMINISTRADO, 
NUM_DOC_REP INT NOT NULL REFERENCES REPRESENTANTE_LEGAL,
NUM_DOC_SOLI INT  NOT NULL REFERENCES SOLICITANTE
)
GO


IF OBJECT_ID('SOLICITUD_CONST_DETALLE')IS NOT NULL
	DROP TABLE SOLICITUD_CONST_DETALLE
GO
CREATE TABLE SOLICITUD_CONST_DETALLE(
NUM_COD_SOL INT NOT NULL REFERENCES SOLICITUD_NO_AND_TRIB,
COD_CON_DEU_NO_TRIB INT NOT  NULL REFERENCES CONCEPTO_DEU_NO_TRIB,
DETALLE_OBS_SOL CHAR(30) NOT NULL,
)
GO

IF OBJECT_ID('SOLICITUD_CONST_AÑO_AFEC')IS NOT NULL
	DROP TABLE SOLICITUD_CONST_AÑO_AFEC
GO
CREATE TABLE  SOLICITUD_CONST_AÑO_AFEC(
NUM_COD_SOL INT NOT NULL REFERENCES SOLICITUD_NO_AND_TRIB,
COD_CON_DEU_TRIB INT NOT  NULL REFERENCES CONCEPTO_DEU_TRIB,
AÑO_AFEC_SOL DATE NOT NULL
)
GO
/*Restricciones*/
--CHEKS(ONLY 5) Debe involucrar 3 tablas
--Tipo documento
--Raz social
--Distrito


/*Ingreso de datos*/
--TIPO DOCUENTOS
INSERT INTO TIPO_DOCUMENTO VALUES (2,'RUC')
INSERT INTO TIPO_DOCUMENTO VALUES(1,'DNI')
INSERT INTO TIPO_DOCUMENTO VALUES(3,'CARNE DE INDENTIDAD')
INSERT INTO TIPO_DOCUMENTO VALUES(4,'CARNE EXTRANJERIA')
INSERT INTO TIPO_DOCUMENTO VALUES(5,'PASAPORTE')

SELECT  TD.*
FROM TIPO_DOCUMENTO AS TD

--RAZON SOCIAL
INSERT INTO RAZON_SOCIAL VALUES (3,'PERSONA NATURAL')
INSERT INTO RAZON_SOCIAL VALUES (2,'PERSONA JURIDICA')
INSERT INTO RAZON_SOCIAL VALUES (1,'EMPRESA')

SELECT RZ.*
FROM RAZON_SOCIAL AS RZ

--ADMINISTRADO
INSERT INTO ADMINISTRADO VALUES (10001,1,70587847,'OSCAR VALDEZ',1,'4301824','4389624','OSCAR_21@HOTMAIL.COM','Avda. Los Brillantes 232','1235415544')
INSERT INTO ADMINISTRADO VALUES (10002,2,70567847,'MAR CUEVA',3,'4364124','896123','MAR_21@HOTMAIL.COM','Jirón Cantuarias 445','1235231444')
INSERT INTO ADMINISTRADO VALUES (10003,3,75587847,'MARIO PORTO',2,'4587744','8529634','MARIO_21@HOTMAIL.COM','Avda.Arequipa 802','145411234')
INSERT INTO ADMINISTRADO VALUES (10004,4,70787847,'MARIBEL SILVA',1,'3649751','1745829','MARIBEL_21@HOTMAIL.COM','Avda. de la Constitucion 2424','1212341544')
INSERT INTO ADMINISTRADO VALUES (10005,5,70087847,'CINTIA CORTEZ',3,'2379427','3578421','CINTIA_21@HOTMAIL.COM','Jirón Saenz peña 669','12123415')
INSERT INTO ADMINISTRADO VALUES (10006,2,70587647,'CLARA PAREJA',1,'9874584','9536287','CLARA_21@HOTMAIL.COM','Avda.Ricardo Palma 703','12412515')
INSERT INTO ADMINISTRADO VALUES (10007,4,70237847,'MARTIN MENDEZ',2,'3658745','1157486','MARTIN_21@HOTMAIL.COM','Avda.Montero Rosas 2102','15123544')
INSERT INTO ADMINISTRADO VALUES (10008,3,70678847,'JOSE GULERA',2,'2589631','3258774','JOSE_21@HOTMAIL.COM','Jirón Saenz peña 661','12310315')
INSERT INTO ADMINISTRADO VALUES (10009,3,70582347,'CARLOS PEREZ',3,'5416821','5854858','CARLOS_21@HOTMAIL.COM','Avda.Los Ángeles 1401','16363441')
INSERT INTO ADMINISTRADO VALUES (10010,5,72368047,'CARLOS MARTINEZ',3,'9517538','4389624','CARLOS_MARTINEZ_21@HOTMAIL.COM','Avda. de la Constitucion 2522','11231554')

SELECT A.*
FROM ADMINISTRADO AS A

--REPRESENTANTE
INSERT INTO REPRESENTANTE_LEGAL VALUES(31183211,'DAVID ACUÑA',3,'977874581','SI',3)
INSERT INTO REPRESENTANTE_LEGAL VALUES(32183211,'ALEX ALVARADO',2,'964875694','SI',3)
INSERT INTO REPRESENTANTE_LEGAL VALUES(33183211,'HENRY OSCO',1,'635874598','SI',3)
INSERT INTO REPRESENTANTE_LEGAL VALUES(34183211,'JUAN RIOS',2,'985475896','SI',1)
INSERT INTO REPRESENTANTE_LEGAL VALUES(35183211,'EVO LOBATON',3,'957186349','SI',2)
INSERT INTO REPRESENTANTE_LEGAL VALUES(36183211,'TIMOTEO GUERRERO',3,'963741852','SI',2)
INSERT INTO REPRESENTANTE_LEGAL VALUES(37183211,'GUSTAVO MUÑOZ',1,'458623917','SI',2)
INSERT INTO REPRESENTANTE_LEGAL VALUES(39183211,'DIEGO HUAMAN',1,'852197536','SI',2)
INSERT INTO REPRESENTANTE_LEGAL VALUES(11183211,'SHEYLA MONTALVO',2,'996587412','SI',1)
INSERT INTO REPRESENTANTE_LEGAL VALUES(56183211,'GABRIELA SIDES',2,'365598744','SI',1)

SELECT RL.*
FROM REPRESENTANTE_LEGAL AS RL

/*Solicitante*/
INSERT INTO SOLICITANTE VALUES(18103211,3,'COLINAS MIGUEL',1,'4121844')
INSERT INTO SOLICITANTE VALUES(31113211,2,'ALARCON MILER',2,'1547856')
INSERT INTO SOLICITANTE VALUES(31123211,1,'SALAS RICARDO',3,'1155846')
INSERT INTO SOLICITANTE VALUES(31133211,2,'REMIGIO SURY',2,'9535846')
INSERT INTO SOLICITANTE VALUES(31143211,1,'MONTE CORAIMA',3,'9517538')
INSERT INTO SOLICITANTE VALUES(31153211,2,'PEREZ ALAN',3,'8546829')
INSERT INTO SOLICITANTE VALUES(31163211,1,'MAYORCA CESAR',2,'9977158')
INSERT INTO SOLICITANTE VALUES(31173211,3,'RODAS RICHARD',1,'6656941')
INSERT INTO SOLICITANTE VALUES(31183211,1,'DIEGO URRUTIA',2,'9693364')
INSERT INTO SOLICITANTE VALUES(31193211,3,'LUZ TESCO',1,'5587496')

SELECT S.*
FROM SOLICITANTE AS S

/*Tipo deuda*/
INSERT INTO TIPO_DEUDA VALUES (1,'RESOLUCION DE SANCION GTU') 
INSERT INTO TIPO_DEUDA VALUES (2,'RESOLUCION DE SANCION GFC') 
INSERT INTO TIPO_DEUDA VALUES (3,'ACTA DE CONTROL') 
INSERT INTO TIPO_DEUDA VALUES (4,'RNT') 

SELECT TD.*
FROM TIPO_DEUDA AS TD

/*INFORMACION*/
INSERT INTO INFORMACION VALUES(1001,542123,1,2)
INSERT INTO INFORMACION VALUES(1002,678123,1,2)
INSERT INTO INFORMACION VALUES(1003,212983,1,2)
INSERT INTO INFORMACION VALUES(1004,222723,1,2)
INSERT INTO INFORMACION VALUES(1005,212153,1,2)
INSERT INTO INFORMACION VALUES(1006,152123,1,2)
INSERT INTO INFORMACION VALUES(1007,151231,1,2)
INSERT INTO INFORMACION VALUES(1008,257903,1,2)
INSERT INTO INFORMACION VALUES(1009,203423,1,2)
INSERT INTO INFORMACION VALUES(1010,265123,1,2)

SELECT I.*
FROM INFORMACION AS I

/*OBSERVACIOM*/
INSERT INTO OBSERVACION VALUES(1001,'DOCUMENTOS DESORDENADOS')
INSERT INTO OBSERVACION VALUES(1002,'TARDANZA')
INSERT INTO OBSERVACION VALUES(1003,'SIN OBSERVACIONES')
INSERT INTO OBSERVACION VALUES(1004,'SE AUSENTÓ DURANTE EL PROCESO Y REGRESÓ')
INSERT INTO OBSERVACION VALUES(1005,'SE AUSENTÓ POR MOTIVOS FUEZA MAYOR')
INSERT INTO OBSERVACION VALUES(1006,'DOCUMENTOS DEBIDAMENTE ORDENADOS')
INSERT INTO OBSERVACION VALUES(1007,'PUNTUALIDAD AL APERSONARSE')
INSERT INTO OBSERVACION VALUES(1008,'TARDANZA DE REPRESENTANTE LEGAL')
INSERT INTO OBSERVACION VALUES(1009,'TARDÓ EN ENTREGAR DOCUMENTOS')
INSERT INTO OBSERVACION VALUES(1010,'CUMPLIÓ CON LA ENTREGA DE DOCUMENTOS A TIEMPO')

SELECT O.*
FROM OBSERVACION AS O

/*SOLICUTUD NO RESPONSABLE */
INSERT INTO SOLICITUD_NO_RES VALUES(1001,31183211,1001,'SI')
INSERT INTO SOLICITUD_NO_RES VALUES(1002,32183211,1002,'NO')
INSERT INTO SOLICITUD_NO_RES VALUES(1003,33183211,1003,'SI')
INSERT INTO SOLICITUD_NO_RES VALUES(1004,34183211,1004,'SI')
INSERT INTO SOLICITUD_NO_RES VALUES(1005,35183211,1005,'SI')
INSERT INTO SOLICITUD_NO_RES VALUES(1006,36183211,1006,'SI')
INSERT INTO SOLICITUD_NO_RES VALUES(1007,37183211,1007,'SI')
INSERT INTO SOLICITUD_NO_RES VALUES(1008,39183211,1008,'SI')
INSERT INTO SOLICITUD_NO_RES VALUES(1009,11183211,1009,'SI')
INSERT INTO SOLICITUD_NO_RES VALUES(1010,56183211,1010,'SI')

SELECT SNR.*
FROM SOLICITUD_NO_RES AS SNR
/*Detalle solicitud no responsa obs */
INSERT INTO DETALLE_SOLICITUD_NO_RES_OB VALUES (1001,1001)
INSERT INTO DETALLE_SOLICITUD_NO_RES_OB VALUES (1002,1002)
INSERT INTO DETALLE_SOLICITUD_NO_RES_OB VALUES (1003,1003)
INSERT INTO DETALLE_SOLICITUD_NO_RES_OB VALUES (1004,1004)
INSERT INTO DETALLE_SOLICITUD_NO_RES_OB VALUES (1005,1005)
INSERT INTO DETALLE_SOLICITUD_NO_RES_OB VALUES (1006,1006)
INSERT INTO DETALLE_SOLICITUD_NO_RES_OB VALUES (1007,1007)
INSERT INTO DETALLE_SOLICITUD_NO_RES_OB VALUES (1008,1008)
INSERT INTO DETALLE_SOLICITUD_NO_RES_OB VALUES (1009,1009)
INSERT INTO DETALLE_SOLICITUD_NO_RES_OB VALUES (1010,1010)

SELECT DSNRO.*
FROM DETALLE_SOLICITUD_NO_RES_OB AS DSNRO

/*DISTRITO*/
INSERT INTO  DISTRITO VALUES (101,'LA VICTORIA')
INSERT INTO  DISTRITO VALUES (102,'CHORRILLOS')
INSERT INTO  DISTRITO VALUES (103,'COMAS')
INSERT INTO  DISTRITO VALUES (104,'VILLA MARÍA DEL TRIUNFO')
INSERT INTO  DISTRITO VALUES (105,'LOS OLIVOS')
INSERT INTO  DISTRITO VALUES (106,'SAN BORJA')
INSERT INTO  DISTRITO VALUES (107,'SURCO')
INSERT INTO  DISTRITO VALUES (108,'MIRAFLORES')
INSERT INTO  DISTRITO VALUES (109,'LA MOLINA')
INSERT INTO  DISTRITO VALUES (110,'PACHACAMAC')

SELECT D.*
FROM DISTRITO AS D

/*TRANSMICION VEHICULO*/ 
INSERT INTO TRANSMICION_VEHICULO VALUES(101	,'MECANICO')
INSERT INTO TRANSMICION_VEHICULO VALUES(102	,'AUTOMATICO')
INSERT INTO TRANSMICION_VEHICULO VALUES(103	,'SECUENCIAL')

SELECT TV.*
FROM TRANSMICION_VEHICULO AS TV

/*TRACCION VEHICULO*/
INSERT INTO TRACCION_VEHICULO VALUES (101,'4WD')
INSERT INTO TRACCION_VEHICULO VALUES (102,'4X4')
INSERT INTO TRACCION_VEHICULO VALUES (103,'AWD')
INSERT INTO TRACCION_VEHICULO VALUES (104,'QUATTRO')
INSERT INTO TRACCION_VEHICULO VALUES (105,'2WD')
INSERT INTO TRACCION_VEHICULO VALUES (106,'4X2')
SELECT TV.*
FROM TRACCION_VEHICULO AS TV
/*MOTOR VEHICULO*/
INSERT INTO MOTOR_VEHICULO VALUES (101,'GASOLINA')
INSERT INTO MOTOR_VEHICULO VALUES (102,'DIESEL')
INSERT INTO MOTOR_VEHICULO VALUES (103,'GAS')
INSERT INTO MOTOR_VEHICULO VALUES (104,'DUAL')

SELECT MV.*
FROM MOTOR_VEHICULO AS MV

/*CARROSERIA VEHICULO*/
INSERT INTO CARROSERIA_VEHICULO VALUES (101,'SEDAN')
INSERT INTO CARROSERIA_VEHICULO VALUES (102,'BARANDA')
INSERT INTO CARROSERIA_VEHICULO VALUES (103,'UTILITARIO')
INSERT INTO CARROSERIA_VEHICULO VALUES (104,'SUV')
INSERT INTO CARROSERIA_VEHICULO VALUES (105,'COUPE')
INSERT INTO CARROSERIA_VEHICULO VALUES (106,'PANEL')
INSERT INTO CARROSERIA_VEHICULO VALUES (107,'MICROBUS')
INSERT INTO CARROSERIA_VEHICULO VALUES (108,'RURAL')
INSERT INTO CARROSERIA_VEHICULO VALUES (109,'STATION WAGON')
INSERT INTO CARROSERIA_VEHICULO VALUES (110,'NO METROPOLITANO')
INSERT INTO CARROSERIA_VEHICULO VALUES (111,'MULTIPROPOSITO')
INSERT INTO CARROSERIA_VEHICULO VALUES (112,'HATCH BACK')
INSERT INTO CARROSERIA_VEHICULO VALUES (113,'PICK UP')
INSERT INTO CARROSERIA_VEHICULO VALUES (114,'VOLQUETE')
INSERT INTO CARROSERIA_VEHICULO VALUES (115,'MINIBUS')
INSERT INTO CARROSERIA_VEHICULO VALUES (116,'FURGON')
INSERT INTO CARROSERIA_VEHICULO VALUES (117,'METROPOLITANO')
INSERT INTO CARROSERIA_VEHICULO VALUES (118,'OMNIBUS URBANO')
INSERT INTO CARROSERIA_VEHICULO VALUES (119,'OMNIBUS INTERURBANO')

SELECT CV.*
FROM CARROSERIA_VEHICULO AS CV

/*CILINDRAGE VEHICUILO*/
INSERT INTO CILINDRAJE_VEHICULO VALUES(101,'A1')
INSERT INTO CILINDRAJE_VEHICULO VALUES(102,'C1')
INSERT INTO CILINDRAJE_VEHICULO VALUES(103,'A2')
INSERT INTO CILINDRAJE_VEHICULO VALUES(104,'D1')
INSERT INTO CILINDRAJE_VEHICULO VALUES(105,'A3')
INSERT INTO CILINDRAJE_VEHICULO VALUES(106,'TODAS LAS B')
INSERT INTO CILINDRAJE_VEHICULO VALUES(107,'A4')

SELECT CV.*
FROM CILINDRAJE_VEHICULO AS CV
/*CLASE DE VEHICULO*/
INSERT INTO CLASE_VEHICULO VALUES(101,'AUTOMIVIL')
INSERT INTO CLASE_VEHICULO VALUES(102,'CAMION')
INSERT INTO CLASE_VEHICULO VALUES(103,'STATION WAGON')
INSERT INTO CLASE_VEHICULO VALUES(104,'CAMIONETA')
INSERT INTO CLASE_VEHICULO VALUES(105,'BUS/OMNIBUS')
INSERT INTO CLASE_VEHICULO VALUES(106,'VEHICULO AUTOMATICO FURGONETA')

SELECT CV.*
FROM CLASE_VEHICULO AS CV
/*MODELO VEHICULO*/
INSERT INTO MODELO_VEHICULO VALUES(101,' Toyota Corolla')
INSERT INTO MODELO_VEHICULO VALUES(102,'Ford F-Series')
INSERT INTO MODELO_VEHICULO VALUES(103,'Volkswagen Golf')
INSERT INTO MODELO_VEHICULO VALUES(104,'Volkswagen Beetle')
INSERT INTO MODELO_VEHICULO VALUES(105,'Ford Escort')
INSERT INTO MODELO_VEHICULO VALUES(106,'Fiat 124')
INSERT INTO MODELO_VEHICULO VALUES(107,'Honda Civic')
INSERT INTO MODELO_VEHICULO VALUES(108,'Ford Model T')
INSERT INTO MODELO_VEHICULO VALUES(109,'Volkswagen Passat')
INSERT INTO MODELO_VEHICULO VALUES(110,'Chevrolet Impala')

SELECT MV.*
FROM MODELO_VEHICULO AS MV
/*MARCA VEHICULO*/
INSERT INTO MARCA_VEHICULO VALUES (101,' Toyota')
INSERT INTO MARCA_VEHICULO VALUES (102,'Mercedes')
INSERT INTO MARCA_VEHICULO VALUES (103,'BMW')
INSERT INTO MARCA_VEHICULO VALUES (104,'Honda')
INSERT INTO MARCA_VEHICULO VALUES (105,'Ford')
INSERT INTO MARCA_VEHICULO VALUES (106,'Nissan')
INSERT INTO MARCA_VEHICULO VALUES (107,'Tesla')
INSERT INTO MARCA_VEHICULO VALUES (108,'Audi')
INSERT INTO MARCA_VEHICULO VALUES (109,'Volkswagen')
INSERT INTO MARCA_VEHICULO VALUES (110,'Porsche')

SELECT MV.*
FROM MARCA_VEHICULO AS MV
/*TIPO DECLARACION JURADA*/
INSERT INTO TIPO_DECLA_JURADA VALUES (101,'INSCRIPCION')
INSERT INTO TIPO_DECLA_JURADA VALUES (102,'RATIFICACION/SUSTITUCION')
INSERT INTO TIPO_DECLA_JURADA VALUES (103,'ACTUALIZACION')
INSERT INTO TIPO_DECLA_JURADA VALUES (104,'DESCARGO')

SELECT TDJ.*
FROM TIPO_DECLA_JURADA AS TDJ

--DECLARACION JURADA VEHICULAR
INSERT INTO DECLARACION_JURADA_VEHICULAR VALUES (10001,101,1001)
INSERT INTO DECLARACION_JURADA_VEHICULAR VALUES (10002,102,1002)
INSERT INTO DECLARACION_JURADA_VEHICULAR VALUES (10003,102,1003)
INSERT INTO DECLARACION_JURADA_VEHICULAR VALUES (10004,102,1004)
INSERT INTO DECLARACION_JURADA_VEHICULAR VALUES (10005,103,1005)
INSERT INTO DECLARACION_JURADA_VEHICULAR VALUES (10006,103,1006)
INSERT INTO DECLARACION_JURADA_VEHICULAR VALUES (10007,103,1007)
INSERT INTO DECLARACION_JURADA_VEHICULAR VALUES (10008,101,1008)
INSERT INTO DECLARACION_JURADA_VEHICULAR VALUES (10009,102,1009)
INSERT INTO DECLARACION_JURADA_VEHICULAR VALUES (10010,101,1010)

SELECT DJV.*
FROM DECLARACION_JURADA_VEHICULAR AS DJV

--DOC_SUST
INSERT INTO DOC_SUSTENTACION VALUES (101,'COPIA LICENCIA DE FUNCIONAMIENTO')
INSERT INTO DOC_SUSTENTACION VALUES (103,'PODER DOCUMENTO PUBLICO O PRIVADO')

SELECT DS.*
FROM DOC_SUSTENTACION AS DS
--DECLARACION JURADA VEHI-DOC SUSTE

INSERT INTO DECLARACIONJURADAVEHI_DOCSUSTENTACION VALUES (10001,101)
INSERT INTO DECLARACIONJURADAVEHI_DOCSUSTENTACION VALUES (10002,103)
INSERT INTO DECLARACIONJURADAVEHI_DOCSUSTENTACION VALUES (10003,101)
INSERT INTO DECLARACIONJURADAVEHI_DOCSUSTENTACION VALUES (10004,101)
INSERT INTO DECLARACIONJURADAVEHI_DOCSUSTENTACION VALUES (10005,103)
INSERT INTO DECLARACIONJURADAVEHI_DOCSUSTENTACION VALUES (10006,101)
INSERT INTO DECLARACIONJURADAVEHI_DOCSUSTENTACION VALUES (10007,101)
INSERT INTO DECLARACIONJURADAVEHI_DOCSUSTENTACION VALUES (10008,103)
INSERT INTO DECLARACIONJURADAVEHI_DOCSUSTENTACION VALUES (10009,101)
INSERT INTO DECLARACIONJURADAVEHI_DOCSUSTENTACION VALUES (10010,103)

SELECT D.*
FROM DECLARACIONJURADAVEHI_DOCSUSTENTACION AS D

--DECLARACION JURAD-OBSER

INSERT INTO DECLARACIONJURADAVEHI_OBSERVACION VALUES (10001,1001)
INSERT INTO DECLARACIONJURADAVEHI_OBSERVACION VALUES (10002,1002)
INSERT INTO DECLARACIONJURADAVEHI_OBSERVACION VALUES (10003,1003)
INSERT INTO DECLARACIONJURADAVEHI_OBSERVACION VALUES (10004,1004)
INSERT INTO DECLARACIONJURADAVEHI_OBSERVACION VALUES (10005,1005)
INSERT INTO DECLARACIONJURADAVEHI_OBSERVACION VALUES (10006,1006)
INSERT INTO DECLARACIONJURADAVEHI_OBSERVACION VALUES (10007,1007)
INSERT INTO DECLARACIONJURADAVEHI_OBSERVACION VALUES (10008,1008)
INSERT INTO DECLARACIONJURADAVEHI_OBSERVACION VALUES (10009,1009)
INSERT INTO DECLARACIONJURADAVEHI_OBSERVACION VALUES (10010,1010)

SELECT D.*
FROM DECLARACIONJURADAVEHI_OBSERVACION AS D

--CONTRIBUYENTE
INSERT INTO CONTRIBUYENTE VALUES(10000001,2,50369708,'JUAN MORALES',3,'AV CAMINOS DEL INCA',101,'FRENTE A PLAZA VEA')
INSERT INTO CONTRIBUYENTE VALUES(10000002,2,50370708,'SANDRO HUAMANI',2,'AV BENAVIDES',102,'FRENTE A RAMBLA')
INSERT INTO CONTRIBUYENTE VALUES(10000003,3,50371708,'SAUL ROSAS',1,'AV.TRUJILLO',103,'FRENTE A PLAZA SAN MIGUEL')
INSERT INTO CONTRIBUYENTE VALUES(10000004,2,50372708,'CARLOS CASIMIRO',3,'AV.PROCERES',105,'FRENTE A PLAZA VEA')
INSERT INTO CONTRIBUYENTE VALUES(10000005,1,50373708,'MANUEL DEL ROYLE',1,'AV.DEFESORES DEL MORRO',106,'FRENTE A RAMBLA')
INSERT INTO CONTRIBUYENTE VALUES(10000006,3,50374708,'MIKE CALDERON',1,'AV.BILLINGURST',104,'FRENTE A JOKEY PLAZA')
INSERT INTO CONTRIBUYENTE VALUES(10000007,3,50375708,'MAURO SALDAÑA',2,'LOS JARDINES',105,'FRENTE A PLAZA SAN MIGUEL')
INSERT INTO CONTRIBUYENTE VALUES(10000008,1,50376708,'LUIS SEQUEIROS',2,'AV.IPARRAGUIRRE',110,'FRENTE A RAMBLA')
INSERT INTO CONTRIBUYENTE VALUES(10000009,1,50377708,'CRISTIAN BRACAMONTE',1,'AV.AREQUIPA',102,'FRENTE A CIBERTEC')
INSERT INTO CONTRIBUYENTE VALUES(10000010,2,50378708,'SAMUEL GARCIA',3,'CURVA DEL DIABLO',109,'FRENTE A PLAZA VEA')

SELECT C.*
FROM CONTRIBUYENTE AS C

--TIPO APUESTA

INSERT INTO TIPO_APUESTA VALUES (101,'Apuestas Hípicas')
INSERT INTO TIPO_APUESTA VALUES (102,'OTRAS APUESTAS') 
SELECT T.*
FROM TIPO_APUESTA AS T

--APUESTAS

INSERT INTO APUESTA VALUES (10001,50,200.0,'AUTO KIA 2019 0KM',101)
INSERT INTO APUESTA VALUES (10002,20,100.0,'CARRITO SANGUCHERO',102)
INSERT INTO APUESTA VALUES (10003,80,400.0,'LAPTOP ZENBOOK S13',101)
INSERT INTO APUESTA VALUES (10004,60,500.0,'MACBOOK PRO 2018',102)
INSERT INTO APUESTA VALUES (10005,10,500.0,'IPHONE 11 PRO',101)
INSERT INTO APUESTA VALUES (10006,20,280.0,'TARGETA GRAFICA 2080 TI',101)
INSERT INTO APUESTA VALUES (10007,10,190.0,'PROCESADOR INTEL COREi9',102)
INSERT INTO APUESTA VALUES (10008,5,240.0,'LAPTOP ZENBOOK 14',101)
INSERT INTO APUESTA VALUES (10009,9,210.0,'MACBOOK PRO2019',102)
INSERT INTO APUESTA VALUES (10010,7,170.0,'AUTO TOYOTA RIO 2019 0KM',102)

SELECT A.*
FROM APUESTA AS A

--ENTIDAD ORGANIZADORA
INSERT INTO ENTIDAD_ORGANIZADORA VALUES(1001,'AV.LOS ÁNGELES 369',107,'A 2 CUADRAS DE VIVANDA SURCO')
INSERT INTO  ENTIDAD_ORGANIZADORA VALUES(1002,'JIRÓN DEMACIA 1258',106,'A 2 CUADRAS DE PLAZA VEA')
INSERT INTO ENTIDAD_ORGANIZADORA VALUES(1003,'AV.HUAMANCHUCO 589',105,'FRENTE A LA BODEGA CEPILLÍN')
INSERT INTO ENTIDAD_ORGANIZADORA VALUES(1004,'JIRÓN MOQUEGUA 362',104,'AL LADO DEL TAMBO VILLA')
INSERT INTO ENTIDAD_ORGANIZADORA VALUES(1005,'AV.MONTERO ROSAS 121',103,'CON DIRECCIÓN AL MALL DE COMAS')
INSERT INTO ENTIDAD_ORGANIZADORA VALUES(1006,'AV.AREQUIPA 3956',108,'A LA VUELTA DEL ICPNA MIRAFLORES')
INSERT INTO ENTIDAD_ORGANIZADORA VALUES(1007,'AV.JOSÉ PARDO 251',108,'A 2 CUADRAS DEL GRIFO REPSOL')
INSERT INTO ENTIDAD_ORGANIZADORA VALUES(1008,'AV.DIEZCANSECO 458',102,'CON DIRECCIÓN AL PARQUE KENNEDY')
INSERT INTO ENTIDAD_ORGANIZADORA VALUES(1009,'AV.ANGAMOS OESTE 1475',108,'A LA ESPALDA DE LA CARRETERA')
INSERT INTO ENTIDAD_ORGANIZADORA VALUES(1010,'AV.MANCO CAPAC 668',101,'A UNA CUADRA DEL MERCADO HOMÓNIMO')

SELECT E.*
FROM ENTIDAD_ORGANIZADORA AS E

-- DECLARACION_JUR_IMPUESTO

INSERT INTO DECLARACION_JUR_IMPUESTO VALUES(101,10000001,31183211,'NO')
INSERT INTO DECLARACION_JUR_IMPUESTO VALUES(102,10000002,32183211,'SI')
INSERT INTO DECLARACION_JUR_IMPUESTO VALUES(103,10000003,33183211,'SI')
INSERT INTO DECLARACION_JUR_IMPUESTO VALUES(104,10000004,34183211,'NO')
INSERT INTO DECLARACION_JUR_IMPUESTO VALUES(105,10000005,35183211,'NO')
INSERT INTO DECLARACION_JUR_IMPUESTO VALUES(106,10000006,36183211,'SI')
INSERT INTO DECLARACION_JUR_IMPUESTO VALUES(107,10000007,37183211,'SI')
INSERT INTO DECLARACION_JUR_IMPUESTO VALUES(108,10000008,32183211,'NO')
INSERT INTO DECLARACION_JUR_IMPUESTO VALUES(109,10000009,33183211,'SI')
INSERT INTO DECLARACION_JUR_IMPUESTO VALUES(110,10000010,34183211,'SI')

SELECT D.*
FROM DECLARACION_JUR_IMPUESTO AS D

--DECLARACION IMPU_APUESTA

INSERT INTO DECLARACIONIMPU_APUESTA VALUES (101,10001,500.0)
INSERT INTO DECLARACIONIMPU_APUESTA VALUES (102,10002,1500.0)
INSERT INTO DECLARACIONIMPU_APUESTA VALUES (103,10003,2500.0)
INSERT INTO DECLARACIONIMPU_APUESTA VALUES (104,10004,3500.0)
INSERT INTO DECLARACIONIMPU_APUESTA VALUES (105,10005,4500.0)
INSERT INTO DECLARACIONIMPU_APUESTA VALUES (106,10006,5500.0)
INSERT INTO DECLARACIONIMPU_APUESTA VALUES (107,10007,6500.0)
INSERT INTO DECLARACIONIMPU_APUESTA VALUES (108,10008,510.0)
INSERT INTO DECLARACIONIMPU_APUESTA VALUES (109,10009,502.0)
INSERT INTO DECLARACIONIMPU_APUESTA VALUES (110,10010,503.0)

SELECT A.*
FROM DECLARACIONIMPU_APUESTA AS A


--CONCEPTO DEUDA TRIBUTARIA

INSERT INTO CONCEPTO_DEU_TRIB VALUES (101,'IMPUESTO PREDIAL')
INSERT INTO CONCEPTO_DEU_TRIB VALUES (102,'IMPUESTO VEHICULAR')
INSERT INTO CONCEPTO_DEU_TRIB VALUES (103,'ARBITRIOS')
INSERT INTO CONCEPTO_DEU_TRIB VALUES (104,'ALCABALA')

SELECT C.*
FROM CONCEPTO_DEU_TRIB AS C

--SOLICITUD_DEU_TRIB

INSERT INTO SOLICITUD_DEU_TRIB VALUES (1001,2019,101,'1TRI')
INSERT INTO SOLICITUD_DEU_TRIB VALUES (1002,2018,102,'2TRI')
INSERT INTO SOLICITUD_DEU_TRIB VALUES (1003,2015,103,'3TRI')
INSERT INTO SOLICITUD_DEU_TRIB VALUES (1004,2014,101,'4TRI')
INSERT INTO SOLICITUD_DEU_TRIB VALUES (1005,2018,102,'2TRI')
INSERT INTO SOLICITUD_DEU_TRIB VALUES (1006,2016,102,'4TRI')
INSERT INTO SOLICITUD_DEU_TRIB VALUES (1007,2017,103,'1TRI')
INSERT INTO SOLICITUD_DEU_TRIB VALUES (1008,2015,103,'2TRI')
INSERT INTO SOLICITUD_DEU_TRIB VALUES (1009,2019,102,'3TRI')
INSERT INTO SOLICITUD_DEU_TRIB VALUES (1010,2018,101,'1TRI')

SELECT S.*
FROM SOLICITUD_DEU_TRIB AS S

--CONCEPTO_DEU_NO_TRIB
INSERT INTO CONCEPTO_DEU_NO_TRIB VALUES (101,'RESOLUCION DE SANCIÓN (GTU)')
INSERT INTO CONCEPTO_DEU_NO_TRIB VALUES (102,'RNT')
INSERT INTO CONCEPTO_DEU_NO_TRIB VALUES (103,'ACTA DE CONTROL')
INSERT INTO CONCEPTO_DEU_NO_TRIB VALUES (104,'RESOLUCION DE SANCIÓN (GFC)')

SELECT C.*
FROM CONCEPTO_DEU_NO_TRIB AS C

--SOLICITUD_DEU_NO_TRIB

INSERT INTO SOLICITUD_DEU_NO_TRIB VALUES (1001,101,'OK','21/02/18','05/09/19',5004,8012)
INSERT INTO SOLICITUD_DEU_NO_TRIB VALUES (1002,102,'OK','18/05/18','15/05/19',5005,8015)
INSERT INTO SOLICITUD_DEU_NO_TRIB VALUES (1003,101,'OK','02/02/19','01/02/20',5006,8004)
INSERT INTO SOLICITUD_DEU_NO_TRIB VALUES (1004,103,'OK','15/07/18','12/07/19',5007,8023)
INSERT INTO SOLICITUD_DEU_NO_TRIB VALUES (1005,101,'OK','18/09/18','19/09/19',5008,8056)
INSERT INTO SOLICITUD_DEU_NO_TRIB VALUES (1006,104,'OK','25/05/18','16/05/19',5012,8076)
INSERT INTO SOLICITUD_DEU_NO_TRIB VALUES (1007,101,'OK','22/10/18','25/10/19',5045,8235)
INSERT INTO SOLICITUD_DEU_NO_TRIB VALUES (1008,102,'OK','08/12/18','16/11/19',5012,8046)
INSERT INTO SOLICITUD_DEU_NO_TRIB VALUES (1009,101,'OK','17/06/18','13/06/19',5015,8034)
INSERT INTO SOLICITUD_DEU_NO_TRIB VALUES (1010,103,'OK','04/08/18','10/08/19',5014,8010)

SELECT S.*
FROM SOLICITUD_DEU_NO_TRIB AS S

--SOLICI NO AND TRIB
INSERT INTO SOLICITUD_NO_AND_TRIB VALUES (1001,10001,31183211,31113211)
INSERT INTO SOLICITUD_NO_AND_TRIB VALUES (1002,10002,32183211,31123211)
INSERT INTO SOLICITUD_NO_AND_TRIB VALUES (1003,10003,33183211,31133211)
INSERT INTO SOLICITUD_NO_AND_TRIB VALUES (1004,10004,34183211,31143211)
INSERT INTO SOLICITUD_NO_AND_TRIB VALUES (1005,10005,35183211,31153211)
INSERT INTO SOLICITUD_NO_AND_TRIB VALUES (1006,10006,36183211,31163211)
INSERT INTO SOLICITUD_NO_AND_TRIB VALUES (1007,10007,32183211,31173211)
INSERT INTO SOLICITUD_NO_AND_TRIB VALUES (1008,10008,33183211,31183211)
INSERT INTO SOLICITUD_NO_AND_TRIB VALUES (1009,10009,34183211,31123211)
INSERT INTO SOLICITUD_NO_AND_TRIB VALUES (1010,10010,31183211,31113211)

SELECT S.*
FROM SOLICITUD_NO_AND_TRIB AS S

--SOLICITUD_CONST_DETALLE
INSERT INTO SOLICITUD_CONST_DETALLE VALUES (1001,101,'21/02/19')
INSERT INTO SOLICITUD_CONST_DETALLE VALUES (1002,102,'18/10/18')
INSERT INTO SOLICITUD_CONST_DETALLE VALUES (1003,103,'09/05/19')
INSERT INTO SOLICITUD_CONST_DETALLE VALUES (1004,104,'02/04/18')
INSERT INTO SOLICITUD_CONST_DETALLE VALUES (1005,103,'11/07/19')
INSERT INTO SOLICITUD_CONST_DETALLE VALUES (1006,103,'13/11/18')
INSERT INTO SOLICITUD_CONST_DETALLE VALUES (1007,104,'18/06/18')
INSERT INTO SOLICITUD_CONST_DETALLE VALUES (1008,102,'21/03/19')
INSERT INTO SOLICITUD_CONST_DETALLE VALUES (1009,102,'22/07/19')
INSERT INTO SOLICITUD_CONST_DETALLE VALUES (1010,101,'12/12/18')

SELECT S.*
FROM SOLICITUD_CONST_DETALLE AS S

--SOLICITUD_CONST_AÑO_AFEC
INSERT INTO SOLICITUD_CONST_AÑO_AFEC VALUES (1001,101,'12/02/19')
INSERT INTO SOLICITUD_CONST_AÑO_AFEC VALUES (1002,102,'12/03/19')
INSERT INTO SOLICITUD_CONST_AÑO_AFEC VALUES (1003,101,'12/04/19')
INSERT INTO SOLICITUD_CONST_AÑO_AFEC VALUES (1004,101,'12/05/19')
INSERT INTO SOLICITUD_CONST_AÑO_AFEC VALUES (1005,101,'12/06/19')
INSERT INTO SOLICITUD_CONST_AÑO_AFEC VALUES (1006,101,'12/07/19')
INSERT INTO SOLICITUD_CONST_AÑO_AFEC VALUES (1007,101,'12/08/19')
INSERT INTO SOLICITUD_CONST_AÑO_AFEC VALUES (1008,101,'12/09/19')
INSERT INTO SOLICITUD_CONST_AÑO_AFEC VALUES (1009,101,'12/10/19')
INSERT INTO SOLICITUD_CONST_AÑO_AFEC VALUES (1010,101,'12/11/19')



SELECT S.*
FROM SOLICITUD_CONST_AÑO_AFEC AS S 

--VEHÍCULO 


INSERT INTO VEHICULO VALUES (474145,445,'11/08/14','17/03/15','12/04/14',731122,26000.0,'75%','1T',10002,101,101,103,102,101,102,103,102)  
INSERT INTO VEHICULO VALUES (458745,215,'12/12/15','14/02/16','20/03/16',741133,24000.0,'90%','1T',10003,105,102,101,104,105,101,102,102)
INSERT INTO VEHICULO VALUES (549565,422,'12/05/16','21/03/17','20/04/17',741144,145000.0,'35%','11T',10004,106,106,105,105,118,104,105,101)
INSERT INTO VEHICULO VALUES (745899,265,'05/02/14','05/07/17','13/10/17',731155,30000.0,'80%','8.5T',10005,101,110,102,102,101,104,101,102) 
INSERT INTO VEHICULO VALUES (245844,348,'25/05/15','30/08/18','29/10/18',721166,300000.0,'75%','4T',10006,101,101,102,104,108,103,105,103) 
INSERT INTO VEHICULO VALUES (248588,358,'13/08/13','12/01/15','15/12/16',751177,40000.0,'60%','1.5T',10007,108,102,103,103,113,101,102,102)
INSERT INTO VEHICULO VALUES (458415,588,'15/09/12','18/07/16','23/08/17',751188,45000.0,'90%','2T',10008,105,108,103,102,109,102,104,103)
INSERT INTO VEHICULO VALUES (515487,548,'05/06/13','01/10/14','28/09/15',731199,50000.0,'100%','4T',10009,107,107,106,106,108,103,101,103)
INSERT INTO VEHICULO VALUES (741544,278,'16/03/14','20/04/15','20/11/17',721110,45000.0,'80%','11T',10010,106,105,105,107,118,102,101,101)
SELECT * FROM VEHICULO   

--Determinacion tri  



INSERT INTO DETERMINACIONN_TRIB VALUES (20001,101,'10%','ENERO','2019','15-01-19',5001,'05-12-2018','EL COMERCIO')  
INSERT INTO DETERMINACIONN_TRIB VALUES (20002,102,'15%','MAYO','2018','15-05-18',5002,'12-02-2018','El PERUANO') 
INSERT INTO DETERMINACIONN_TRIB VALUES (20003,101,'20%','ENERO','2019','20-01-19',5003,'13-09-2018','PERÚ 21') 
INSERT INTO DETERMINACIONN_TRIB VALUES (20004,102,'35%','FEBRERO','2019','02-02-19',5004,'20-01-19','CORREO')
INSERT INTO DETERMINACIONN_TRIB VALUES (20005,101,'10%','AGOSTO','2018','11-08-18',5005,'25-05-18','EL COMERCIO') 
INSERT INTO DETERMINACIONN_TRIB VALUES (20006,102,'15%','JUNIO','2018','05-06-18',5006,'8-05-18','EL PERUANO') 
INSERT INTO DETERMINACIONN_TRIB VALUES (20007,102,'25%','JULIO','2017','12-07-17',5007,'05-06-17','OJO')
INSERT INTO DETERMINACIONN_TRIB VALUES (20008,101,'40%','MARZO','2017','14-03-17',5008,'13-02-17','OJO') 
INSERT INTO DETERMINACIONN_TRIB VALUES (20009,101,'30%','MARZO','2017','16-03-17',5009,'15-02-17','OJO') 
INSERT INTO DETERMINACIONN_TRIB VALUES (20010,102,'60%','JUNIO','2017','16-06-17',5010,'15-06-17','EL COMERCIO') 
SELECT D.* 
FROM DETERMINACIONN_TRIB AS D 

